"source_row","split"
1,"train"
2,"train"
3,"train"
4,"test"
5,"train"
6,"train"
7,"train"
8,"train"
9,"train"
10,"train"
11,"train"
12,"test"
13,"train"
14,"test"
15,"train"
16,"train"
17,"test"
18,"train"
19,"train"
20,"train"
21,"test"
22,"train"
23,"train"
24,"train"
25,"test"
26,"train"
27,"train"
28,"train"
29,"test"
30,"train"
31,"train"
32,"train"
33,"train"
34,"train"
35,"train"
36,"train"
37,"train"
38,"train"
39,"train"
40,"train"
41,"train"
42,"train"
43,"test"
44,"train"
45,"train"
46,"train"
47,"test"
48,"train"
49,"train"
50,"train"
51,"train"
52,"test"
53,"test"
54,"train"
55,"train"
56,"train"
57,"test"
58,"train"
59,"train"
60,"test"
61,"test"
62,"train"
63,"train"
64,"train"
65,"test"
66,"train"
67,"test"
68,"train"
69,"train"
70,"test"
71,"train"
72,"train"
73,"train"
74,"test"
75,"test"
76,"test"
77,"train"
78,"train"
79,"train"
80,"test"
81,"train"
82,"train"
83,"train"
84,"train"
85,"train"
86,"train"
87,"train"
88,"train"
89,"train"
90,"train"
91,"train"
92,"train"
93,"train"
94,"train"
95,"train"
96,"train"
97,"train"
98,"train"
99,"train"
100,"train"
101,"train"
102,"train"
103,"train"
104,"train"
105,"test"
106,"train"
107,"test"
108,"train"
109,"train"
110,"train"
111,"train"
112,"train"
113,"train"
114,"train"
115,"train"
116,"train"
117,"train"
118,"test"
119,"train"
120,"train"
121,"train"
122,"test"
123,"train"
124,"train"
125,"train"
126,"train"
127,"train"
128,"train"
129,"train"
130,"test"
131,"train"
132,"train"
133,"train"
134,"test"
135,"train"
136,"train"
137,"train"
138,"train"
139,"test"
140,"train"
141,"test"
142,"train"
143,"test"
144,"train"
145,"test"
146,"train"
147,"train"
148,"train"
149,"train"
150,"train"
151,"train"
152,"train"
153,"train"
154,"train"
155,"train"
156,"train"
157,"test"
158,"train"
159,"train"
160,"train"
161,"test"
162,"train"
163,"train"
164,"train"
165,"train"
166,"train"
167,"train"
168,"train"
169,"test"
170,"test"
171,"train"
172,"train"
173,"train"
174,"test"
175,"train"
176,"test"
177,"train"
178,"train"
179,"train"
180,"train"
181,"train"
182,"train"
183,"train"
184,"train"
185,"train"
186,"test"
187,"test"
188,"test"
189,"train"
190,"train"
191,"test"
192,"train"
193,"train"
194,"train"
195,"train"
196,"train"
197,"train"
198,"train"
199,"train"
200,"train"
201,"train"
202,"train"
203,"train"
204,"train"
205,"train"
206,"train"
207,"train"
208,"train"
209,"test"
210,"test"
211,"test"
212,"train"
213,"train"
214,"train"
215,"train"
216,"train"
217,"train"
218,"train"
219,"train"
220,"train"
221,"train"
222,"train"
223,"train"
224,"train"
225,"test"
226,"train"
227,"test"
228,"train"
229,"train"
230,"train"
231,"train"
232,"test"
233,"train"
234,"train"
235,"test"
236,"train"
237,"train"
238,"train"
239,"train"
240,"train"
241,"test"
242,"test"
243,"train"
244,"test"
245,"train"
246,"test"
247,"train"
248,"test"
249,"train"
250,"train"
251,"train"
252,"train"
253,"train"
254,"train"
255,"train"
256,"train"
257,"train"
258,"test"
259,"train"
260,"test"
261,"train"
262,"train"
263,"train"
264,"test"
265,"train"
266,"train"
267,"train"
268,"train"
269,"test"
270,"train"
271,"train"
272,"train"
273,"train"
274,"train"
275,"train"
276,"test"
277,"train"
278,"train"
279,"train"
280,"train"
281,"train"
282,"test"
283,"train"
284,"train"
285,"train"
286,"train"
287,"test"
288,"train"
289,"train"
290,"train"
291,"train"
292,"train"
293,"train"
294,"train"
295,"train"
296,"train"
297,"train"
298,"train"
299,"train"
300,"train"
301,"train"
302,"train"
303,"test"
