"variable","value","target","count","within_variable_percent"
"sex","0","0",24,7.92079207920792
"sex","1","0",114,37.6237623762376
"sex","0","1",72,23.7623762376238
"sex","1","1",93,30.6930693069307
"cp","0","0",104,34.3234323432343
"cp","1","0",9,2.97029702970297
"cp","2","0",18,5.94059405940594
"cp","3","0",7,2.31023102310231
"cp","0","1",39,12.8712871287129
"cp","1","1",41,13.5313531353135
"cp","2","1",69,22.7722772277228
"cp","3","1",16,5.28052805280528
"fbs","0","0",116,38.2838283828383
"fbs","1","0",22,7.26072607260726
"fbs","0","1",142,46.8646864686469
"fbs","1","1",23,7.59075907590759
"restecg","0","0",79,26.0726072607261
"restecg","1","0",56,18.4818481848185
"restecg","2","0",3,0.99009900990099
"restecg","0","1",68,22.4422442244224
"restecg","1","1",96,31.6831683168317
"restecg","2","1",1,0.33003300330033
"exang","0","0",62,20.4620462046205
"exang","1","0",76,25.0825082508251
"exang","0","1",142,46.8646864686469
"exang","1","1",23,7.59075907590759
"slope","0","0",12,3.96039603960396
"slope","1","0",91,30.03300330033
"slope","2","0",35,11.5511551155116
"slope","0","1",9,2.97029702970297
"slope","1","1",49,16.1716171617162
"slope","2","1",107,35.3135313531353
"ca","0","0",45,14.8514851485149
"ca","1","0",44,14.5214521452145
"ca","2","0",31,10.2310231023102
"ca","3","0",17,5.61056105610561
"ca","4","0",1,0.33003300330033
"ca","0","1",130,42.9042904290429
"ca","1","1",21,6.93069306930693
"ca","2","1",7,2.31023102310231
"ca","3","1",3,0.99009900990099
"ca","4","1",4,1.32013201320132
"thal","0","0",1,0.33003300330033
"thal","1","0",12,3.96039603960396
"thal","2","0",36,11.8811881188119
"thal","3","0",89,29.3729372937294
"thal","0","1",1,0.33003300330033
"thal","1","1",6,1.98019801980198
"thal","2","1",130,42.9042904290429
"thal","3","1",28,9.24092409240924
