"test_row","actual","logistic_probability","logistic_class","decision_tree_probability","decision_tree_class"
1,"1",0.947740620162043,"1",0.897727272727273,"1"
2,"1",0.995995133311732,"1",0.897727272727273,"1"
3,"1",0.566002324618767,"1",0,"0"
4,"1",0.997566521274402,"1",0.897727272727273,"1"
5,"1",0.211366004874167,"0",0.19047619047619,"0"
6,"1",0.872523166766517,"1",0.897727272727273,"1"
7,"1",0.936270303654682,"1",0.897727272727273,"1"
8,"1",0.0835236633565715,"0",0.758620689655172,"1"
9,"1",0.964736870247235,"1",0.897727272727273,"1"
10,"1",0.261288694497602,"0",0.758620689655172,"1"
11,"1",0.0851222742168955,"0",0,"0"
12,"1",0.847002460013562,"1",0.758620689655172,"1"
13,"1",0.790831515738707,"1",0.0615384615384615,"0"
14,"1",0.968086263187525,"1",0.897727272727273,"1"
15,"1",0.968819027605976,"1",0.897727272727273,"1"
16,"1",0.704455774359023,"1",0,"0"
17,"1",0.986943735239821,"1",0.758620689655172,"1"
18,"1",0.613750933824431,"1",0.758620689655172,"1"
19,"1",0.991344058842561,"1",0.928571428571429,"1"
20,"1",0.900045142598106,"1",0.928571428571429,"1"
21,"1",0.312704496916047,"0",0.714285714285714,"1"
22,"1",0.981118342757353,"1",0.897727272727273,"1"
23,"1",0.364033977796111,"0",0,"0"
24,"1",0.545672233539783,"1",0,"0"
25,"1",0.770799954491613,"1",0.758620689655172,"1"
26,"1",0.698814510138877,"1",0.897727272727273,"1"
27,"1",0.951614345699076,"1",0.897727272727273,"1"
28,"1",0.215497594906332,"0",0.758620689655172,"1"
29,"1",0.993286621499206,"1",0.897727272727273,"1"
30,"1",0.993375191461972,"1",0.928571428571429,"1"
31,"1",1.37475340742632e-05,"0",0.928571428571429,"1"
32,"1",0.982568912303226,"1",0.897727272727273,"1"
33,"1",0.926521755692671,"1",0.897727272727273,"1"
34,"0",0.0106493292925522,"0",0.0615384615384615,"0"
35,"0",0.0735352257072387,"0",0.19047619047619,"0"
36,"0",0.127196512113883,"0",0.897727272727273,"1"
37,"0",0.0236628331130876,"0",0.19047619047619,"0"
38,"0",0.300642427078413,"0",0.0615384615384615,"0"
39,"0",0.0412302570848716,"0",0.0615384615384615,"0"
40,"0",0.00174991125916093,"0",0.0615384615384615,"0"
41,"0",0.351460206095722,"0",0.19047619047619,"0"
42,"0",0.0963874664277559,"0",0,"0"
43,"0",0.111141838044501,"0",0.0615384615384615,"0"
44,"0",0.121836674034305,"0",0,"0"
45,"0",0.00487483773832172,"0",0.0615384615384615,"0"
46,"0",0.0137370652894609,"0",0,"0"
47,"0",0.00494077465233823,"0",0.0615384615384615,"0"
48,"0",0.00618261729076648,"0",0.0615384615384615,"0"
49,"0",0.0115422547325349,"0",0,"0"
50,"0",0.685572463735784,"1",0.758620689655172,"1"
51,"0",0.00252182570664583,"0",0.0615384615384615,"0"
52,"0",0.130958873574945,"0",0.19047619047619,"0"
53,"0",0.0568229253275777,"0",0,"0"
54,"0",0.0259479749436836,"0",0.19047619047619,"0"
55,"0",0.38788231649469,"0",1,"1"
56,"0",0.192468426256022,"0",0.0615384615384615,"0"
57,"0",0.00198938623384613,"0",0.0615384615384615,"0"
58,"0",0.10067743636343,"0",0.0615384615384615,"0"
59,"0",0.999986927788953,"1",0.19047619047619,"0"
60,"0",0.790076853398207,"1",0.897727272727273,"1"
61,"0",0.778327970959624,"1",0.928571428571429,"1"
