"term","Estimate","Std. Error","z value","Pr(>|z|)"
"(Intercept)",14.620958613742,2399.54623440783,0.00609321812769748,0.995138345413682
"age",-0.00529713384180527,0.0288956356132207,-0.183319512770353,0.854547324851529
"sex1",-2.37108849138571,0.690100490346833,-3.43585974007066,0.000590676687684766
"cp1",1.02437942110355,0.666559334317269,1.53681655685278,0.124338237763413
"cp2",1.94349912505496,0.607013986865882,3.20173697329378,0.00136601665984274
"cp3",2.42089995104104,0.877084901176448,2.76016603158241,0.00577719924378738
"trestbps",-0.0117415994019624,0.0137440273657219,-0.854305589586238,0.392935690935932
"chol",-0.00368376574276638,0.00449845041523316,-0.818896598324614,0.41284541088569
"fbs1",0.382287365966358,0.646538523303119,0.591283198429197,0.554330685215922
"restecg1",0.705633324455488,0.450434169245603,1.56656260256032,0.117216964960631
"restecg2",-13.6524237652439,1323.51080456001,-0.0103153096432654,0.991769719654001
"thalach",0.0179523695240572,0.0140063032755317,1.28173502821541,0.199935612784521
"exang1",-0.877267911487247,0.567565519514365,-1.5456680882198,0.122184748006564
"oldpeak",-0.41168436136989,0.284650544902562,-1.44627989913321,0.148098711317454
"slope1",-1.07453548823401,0.945869965731457,-1.13602876416851,0.255944526225071
"slope2",0.516454404184299,1.02914082230365,0.501830646488454,0.615786653615584
"ca1",-1.85120257288358,0.582574540058641,-3.17762354101028,0.001484874141618
"ca2",-2.61936206405848,0.896578207057889,-2.92150985094082,0.00348339259589529
"ca3",-2.2508824077408,1.17419717853008,-1.91695436584047,0.0552437293674589
"ca4",1.52346301707155,1.74529724362389,0.872896019653519,0.382719756021251
"thal1",-11.6063224765527,2399.54516644341,-0.00483688435577795,0.996140739698331
"thal2",-11.889649955386,2399.54496829088,-0.00495496025809202,0.99604652988804
"thal3",-13.1225203492242,2399.54499974577,-0.00546875359729221,0.995636587687518
